[!p[?3;4l[4l>[0m(B[?1h=[H[2J[0m(B[7m[25;1H[K[?12l[?25h[?25l                                                                                         
[?12l[?25h[?12l[?25h[?25lCTRL-A Z for help | 115200 8N1 | NOR | Minicom 2.8 | VT102 | Offline | ttyUSB0           [?12l[?25h[1;1H
[0m(BWelcome to minicom 2.8

OPTIONS: I18n 
Port /dev/ttyUSB0, 23:54:59

Press CTRL-A Z for help on special keys

0002551864,15342,0228,00000,0,04997,0564,02820,1,0,00002,0000,00000,0,0[10;72H
0002551914,15349,0197,00000,0,05000,0546,02730,1,0,00000,0002,00000,0,0[11;72H
0002551964,15349,0197,00000,0,04996,0549,02746,1,0,00000,0001,00000,0,0[12;72H
0002552014,15349,0197,00000,0,05008,0545,02729,1,0,00004,0000,00000,0,0[13;72H
0002552064,15349,0197,00000,0,04999,0526,02629,1,0,00002,0000,00000,0,0[14;72H
0002552114,15349,0197,00000,0,05003,0554,02772,1,0,00000,0000,00000,0,0[15;72H
0002552164,15349,0197,00000,0,05004,0523,02620,1,0,00000,0000,00000,0,0[16;72H
0002552214,15338,0264,00000,0,05003,0575,02882,1,0,00001,0000,00000,0,0[17;72H
0002552264,15338,0264,00000,0,05000,0577,02888,1,0,00002,0002,00000,0,0[18;72H
0002552314,15338,0264,00000,0,04995,0531,02652,1,0,00006,0001,00000,0,0[19;72H
0002552364,15338,0264,00000,0,04997,0538,02692,1,0,00000,0000,00000,0,0[20;72H
0002552414,15338,0264,00000,0,04996,0539,02695,1,0,00001,0004,00000,0,0[21;72H
0002552464,15338,0264,00000,0,05000,0543,02715,1,0,00000,0000,00000,0,0[22;72H
0002552514,15349,0262,00000,0,05002,0557,02787,1,0,00000,0000,00000,0,0[23;72H
0002552564,15349,0262,00000,0,05007,0534,02674,1,0,00000,0001,00000,0,0[24;72H
0002552614,15349,0262,00000,0,04998,0526,02632,1,0,00003,0000,00000,0,0[1;24r[24;1H
[1;25r[24;1H[24;72H
0002552664,15349,0262,00000,0,05005,0566,02834,1,0,00005,0000,00000,0,0[1;24r[24;1H
[1;25r[24;1H[24;72H
0002552714,15349,0262,00000,0,04998,0538,02692,1,0,00001,0001,00000,0,0[1;24r[24;1H
[1;25r[24;1H[24;72H
0002552764,15349,0262,00000,0,05004,0543,02721,1,0,00000,0000,00000,0,0[1;24r[24;1H
[1;25r[24;1H[24;72H
0002552814,15348,0219,00000,0,04998,0568,02838,1,0,00000,0000,00000,0,0[1;24r[24;1H
[1;25r[24;1H[24;72H
0002552864,15348,0219,00000,0,05000,0541,02705,1,0,00001,0000,00000,0,0[1;24r[24;1H
[1;25r[24;1H[24;72H
0002552914,15348,0219,00000,0,04998,0536,02681,1,0,00000,0001,00000,0,0[1;24r[24;1H
[1;25r[24;1H[24;72H
0002552964,15348,0219,00000,0,05000,0525,02628,1,0,00000,0001,00000,0,0[1;24r[24;1H
[1;25r[24;1H[24;72H
0002553014,15348,0219,00000,0,05000,0550,02753,1,0,00001,0005,00000,0,0[1;24r[24;1H
[1;25r[24;1H[24;72H
0002553064,15348,0219,00000,0,05003,0559,02798,1,0,00000,0000,00000,0,0[1;24r[24;1H
[1;25r[24;1H[24;72H
0002553114,15347,0215,00000,0,04996,0567,02834,1,0,00000,0000,00000,0,0[1;24r[24;1H
[1;25r[24;1H[24;72H
0002553164,15347,0215,00000,0,04996,0547,02735,1,0,00000,0002,00000,0,0[1;24r[24;1H
[1;25r[24;1H[24;72H
0002553214,15347,0215,00000,0,05003,0549,02751,1,0,00000,0004,00000,0,0[1;24r[24;1H
[1;25r[24;1H[24;72H
0002553264,15347,0215,00000,0,05005,0543,02720,1,0,00001,0002,00000,0,0[1;24r[24;1H
[1;25r[24;1H[24;72H
0002553314,15347,0215,00000,0,05003,0525,02625,1,0,00001,0001,00000,0,0[1;24r[24;1H
[1;25r[24;1H[24;72H
0002553364,15347,0215,00000,0,05002,0563,02816,1,0,00001,0000,00000,0,0[1;24r[24;1H
[1;25r[24;1H[24;72H
0002553414,15349,0228,00000,0,05006,0546,02732,1,0,00000,0000,00000,0,0[1;24r[24;1H
[1;25r[24;1H[24;72H
0002553464,15349,0228,00000,0,05005,0526,02633,1,0,00000,0002,00000,0,0[1;24r[24;1H
[1;25r[24;1H[24;72H
0002553514,15349,0228,00000,0,05007,0677,03392,1,0,00003,0000,00000,0,0[1;24r[24;1H
[1;25r[24;1H[24;72H
0002553564,15349,0228,00000,0,04995,0659,03294,1,0,00001,0001,00000,0,0[1;24r[24;1H
[1;25r[24;1H[24;72H
0002553614,15349,0228,00000,0,04996,0693,03466,1,0,00000,0000,00000,0,0[1;24r[24;1H
[1;25r[24;1H[24;72H
0002553664,15349,0228,00000,0,05000,0644,03221,1,0,00001,0005,00000,0,0[1;24r[24;1H
[1;25r[24;1H[24;72H
0002553714,15347,0254,00000,0,04999,0615,03075,1,0,00000,0000,00000,0,0[1;24r[24;1H
[1;25r[24;1H[24;72H
0002553764,15347,0254,00000,0,04994,0614,03066,1,0,00000,0005,00000,0,0[1;24r[24;1H
[1;25r[24;1H[24;72H
0002553814,15347,0254,00000,0,04996,0595,02975,1,0,00000,0001,00000,0,0[1;24r[24;1H
[1;25r[24;1H[24;72H
0002553864,15347,0254,00000,0,05000,0610,03052,1,0,00000,0001,00000,0,0[1;24r[24;1H
[1;25r[24;1H[24;72H
0002553914,15347,0254,00000,0,04999,0614,03071,1,0,00001,0004,00000,0,0[1;24r[24;1H
[1;25r[24;1H[24;72H
0002553964,15347,0254,00000,0,04999,0598,02989,1,0,00000,0005,00000,0,0[1;24r[24;1H
[1;25r[24;1H[24;72H
0002554014,15341,0266,00000,0,05006,0642,03213,1,0,00006,0000,00000,0,0[1;24r[24;1H
[1;25r[24;1H[24;72H
0002554064,15341,0266,00000,0,05006,0611,03060,1,0,00005,0000,00000,0,0[1;24r[24;1H
[1;25r[24;1H[24;72H
0002554114,15341,0266,00000,0,04999,0623,03113,1,0,00000,0000,00000,0,0[1;24r[24;1H
[1;25r[24;1H[24;72H
0002554164,15341,0266,00000,0,04999,0640,03201,1,0,00000,0002,00000,0,0[1;24r[24;1H
[1;25r[24;1H[24;72H
0002554214,15341,0266,00000,0,05001,0592,02960,1,0,00001,0000,00000,0,0[1;24r[24;1H
[1;25r[24;1H[24;72H
0002554264,15341,0266,00000,0,04999,0631,03154,1,0,00002,0000,00000,0,0[1;24r[24;1H
[1;25r[24;1H[24;72H
0002554314,15335,0265,00000,0,04996,0602,03011,1,0,00002,0004,00000,0,0[1;24r[24;1H
[1;25r[24;1H[24;72H
0002554364,15335,0265,00000,0,04989,0605,03019,1,0,00004,0000,00000,0,0[1;24r[24;1H
[1;25r[24;1H[24;72H
0002554414,15335,0265,00000,0,04998,0606,03029,1,0,00000,0004,00000,0,0[1;24r[24;1H
[1;25r[24;1H[24;72H
0002554464,15335,0265,00000,0,04993,0603,03013,1,0,00001,0004,00000,0,0[1;24r[24;1H
[1;25r[24;1H[24;72H
0002554514,15335,0265,00000,0,05001,0592,02960,1,0,00000,0000,00000,0,0[1;24r[24;1H
[1;25r[24;1H[24;72H
0002554564,15335,0265,00000,0,04995,0620,03098,1,0,00000,0000,00000,0,0[1;24r[24;1H
[1;25r[24;1H[24;72H
0002554614,15339,0295,00000,0,04993,0639,03192,1,0,00000,0001,00000,0,0[1;24r[24;1H
[1;25r[24;1H[24;72H
0002554664,15339,0295,00000,0,05006,0633,03167,1,0,00002,0000,00000,0,0[1;24r[24;1H
[1;25r[24;1H[24;72H
0002554714,15339,0295,00000,0,05001,0609,03045,1,0,00001,0003,00000,0,0[1;24r[24;1H
[1;25r[24;1H[24;72H
0002554764,15339,0295,00000,0,05003,0633,03167,1,0,00002,0000,00000,0,0[1;24r[24;1H
[1;25r[24;1H[24;72H
0002554814,15339,0295,00000,0,05004,0595,02981,1,0,00000,0000,00000,0,0[1;24r[24;1H
[1;25r[24;1H[24;72H
0002554864,15339,0295,00000,0,04994,0606,03029,1,0,00000,0002,00000,0,0[1;24r[24;1H
[1;25r[24;1H[24;72H
0002554914,15334,0257,00000,0,05000,0627,03139,1,0,00000,0000,00000,0,0[1;24r[24;1H
[1;25r[24;1H[24;72H
0002554964,15334,0257,00000,0,05001,0600,03000,1,0,00002,0000,00000,0,0[1;24r[24;1H
[1;25r[24;1H[24;72H
0002555014,15334,0257,00000,0,05003,0617,03088,1,0,00000,0000,00000,0,0[1;24r[24;1H
[1;25r[24;1H[24;72H
0002555064,15334,0257,00000,0,04999,0605,03026,1,0,00000,0000,00000,0,0[1;24r[24;1H
[1;25r[24;1H[24;72H
0002555114,15334,0257,00000,0,04998,0589,02944,1,0,00000,0000,00000,0,0[1;24r[24;1H
[1;25r[24;1H[24;72H
0002555164,15334,0257,00000,0,05000,0619,03098,1,0,00000,0004,00000,0,0[1;24r[24;1H
[1;25r[24;1H[24;72H
0002555214,15334,0283,00000,0,04997,0604,03021,1,0,00000,0000,00000,0,0[1;24r[24;1H
[1;25r[24;1H[24;72H
0002555264,15334,0283,00000,0,04995,0638,03185,1,0,00003,0000,00000,0,0[1;24r[24;1H
[1;25r[24;1H[24;72H
0002555314,15334,0283,00000,0,04995,0608,03039,1,0,00000,0005,00000,0,0[1;24r[24;1H
[1;25r[24;1H[24;72H
0002555364,15334,0283,00000,0,05003,0632,03161,1,0,00001,0001,00000,0,0[1;24r[24;1H
[1;25r[24;1H[24;72H
0002555414,15334,0283,00000,0,04993,0611,03052,1,0,00000,0004,00000,0,0[1;24r[24;1H
[1;25r[24;1H[24;72H
0002555464,15334,0283,00000,0,04996,0611,03055,1,0,00000,0002,00000,0,0[1;24r[24;1H
[1;25r[24;1H[24;72H
0002555514,15349,0310,00000,0,04998,0612,03059,1,0,00000,0004,00000,0,0[1;24r[24;1H
[1;25r[24;1H[24;72H
0002555564,15349,0310,00000,0,04994,0597,02981,1,0,00000,0000,00000,0,0[1;24r[24;1H
[1;25r[24;1H[24;72H
0002555614,15349,0310,00000,0,05001,0642,03214,1,0,00000,0002,00000,0,0[1;24r[24;1H
[1;25r[24;1H[24;72H
0002555664,15349,0310,00000,0,05003,0608,03044,1,0,00000,0001,00000,0,0[1;24r[24;1H
[1;25r[24;1H[24;72H
0002555714,15349,0310,00000,0,05008,0613,03071,1,0,00003,0000,00000,0,0[1;24r[24;1H
[1;25r[24;1H[24;72H
0002555764,15349,0310,00000,0,04996,0634,03170,1,0,00000,0000,00000,0,0[1;24r[24;1H
[1;25r[24;1H[24;72H
0002555814,15337,0261,00000,0,05002,0608,03043,1,0,00000,0000,00000,0,0[1;24r[24;1H
[1;25r[24;1H[24;72H
0002555864,15337,0261,00000,0,05002,0629,03147,1,0,00000,0000,00000,0,0[1;24r[24;1H
[1;25r[24;1H[24;72H
0002555914,15337,0261,00000,0,05007,0630,03155,1,0,00000,0000,00000,0,0[1;24r[24;1H
[1;25r[24;1H[24;72H
0002555964,15337,0261,00000,0,05004,0612,03064,1,0,00001,0001,00000,0,0[1;24r[24;1H
[1;25r[24;1H[24;72H
0002556014,15337,0261,00000,0,04999,0638,03190,1,0,00000,0000,00000,0,0[1;24r[24;1H
[1;25r[24;1H[24;72H
0002556064,15337,0261,00000,0,05002,0648,03244,1,0,00000,0001,00000,0,0[1;24r[24;1H
[1;25r[24;1H[24;72H
0002556114,15335,0255,00000,0,04995,0609,03044,1,0,00000,0004,00000,0,0[1;24r[24;1H
[1;25r[24;1H[24;72H
0002556164,15335,0255,00000,0,05000,0603,03015,1,0,00001,0002,00000,0,0[1;24r[24;1H
[1;25r[24;1H[24;72H
0002556214,15335,0255,00000,0,05003,0636,03184,1,0,00000,0000,00000,0,0[1;24r[24;1H
[1;25r[24;1H[24;72H
0002556264,15335,0255,00000,0,05000,0635,03176,1,0,00000,0002,00000,0,0[1;24r[24;1H
[1;25r[24;1H[24;72H
0002556314,15335,0255,00000,0,05004,0607,03038,1,0,00001,0000,00000,0,0[1;24r[24;1H
[1;25r[24;1H[24;72H
0002556364,15335,0255,00000,0,05002,0593,02969,1,0,00000,0000,00000,0,0[1;24r[24;1H
[1;25r[24;1H[24;72H
0002556414,15340,0256,00000,0,05003,0598,02996,1,0,00002,0000,00000,0,0[1;24r[24;1H
[1;25r[24;1H[24;72H
0002556464,15340,0256,00000,0,05005,0602,03014,1,0,00003,0000,00000,0,0[1;24r[24;1H
[1;25r[24;1H[24;72H
0002556514,15340,0256,00000,0,05001,0601,03008,1,0,00000,0002,00000,0,0[1;24r[24;1H
[1;25r[24;1H[24;72H
0002556564,15340,0256,00000,0,05003,0609,03045,1,0,00000,0001,00000,0,0[1;24r[24;1H
[1;25r[24;1H[24;72H
0002556614,15340,0256,00000,0,04995,0603,03012,1,0,00000,0001,00000,0,0[1;24r[24;1H
[1;25r[24;1H[24;72H
0002556664,15340,0256,00000,0,05005,0595,02980,1,0,00002,0000,00000,0,0[1;24r[24;1H
[1;25r[24;1H[24;72H
0002556714,15341,0270,00000,0,05005,0652,03263,1,0,00001,0000,00000,0,0[1;24r[24;1H
[1;25r[24;1H[24;72H
0002556764,15341,0270,00000,0,05005,0596,02985,1,0,00000,0000,00000,0,0[1;24r[24;1H
[1;25r[24;1H[24;72H
0002556814,15341,0270,00000,0,05004,0583,02919,1,0,00000,0000,00000,0,0[1;24r[24;1H
[1;25r[24;1H[24;72H
0002556864,15341,0270,00000,0,05000,0602,03010,1,0,00004,0000,00000,0,0[1;24r[24;1H
[1;25r[24;1H[24;72H
0002556914,15341,0270,00000,0,05006,0596,02985,1,0,00001,0000,00000,0,0[1;24r[24;1H
[1;25r[24;1H[24;72H
0002556964,15341,0270,00000,0,05002,0616,03083,1,0,00000,0003,00000,0,0[1;24r[24;1H
[1;25r[24;1H[24;72H
0002557014,15334,0275,00000,0,05013,0613,03074,1,0,00000,0002,00000,0,0[1;24r[24;1H
[1;25r[24;1H[24;72H
0002557064,15334,0275,00000,0,04991,0585,02922,1,0,00000,0000,00000,0,0[1;24r[24;1H
[1;25r[24;1H[24;72H
0002557114,15334,0275,00000,0,04995,0639,03193,1,0,00000,0000,00000,0,0[1;24r[24;1H
[1;25r[24;1H[24;72H
0002557164,15334,0275,00000,0,04998,0620,03101,1,0,00002,0001,00000,0,0[1;24r[24;1H
[1;25r[24;1H[24;72H
0002557214,15334,0275,00000,0,05008,0598,02996,1,0,00000,0003,00000,0,0[1;24r[24;1H
[1;25r[24;1H[24;72H
0002557264,15334,0275,00000,0,05005,0626,03132,1,0,00000,0000,00000,0,0[1;24r[24;1H
[1;25r[24;1H[24;72H
0002557314,15324,0278,00000,0,05003,0604,03022,1,0,00000,0000,00000,0,0[1;24r[24;1H
[1;25r[24;1H[24;72H
0002557364,15324,0278,00000,0,04997,0614,03067,1,0,00000,0000,00000,0,0[1;24r[24;1H
[1;25r[24;1H[24;72H
0002557414,15324,0278,00000,0,05000,0656,03283,1,0,00004,0000,00000,0,0[1;24r[24;1H
[1;25r[24;1H[24;72H
0002557464,15324,0278,00000,0,05005,0604,03026,1,0,00001,0000,00000,0,0[1;24r[24;1H
[1;25r[24;1H[24;72H
0002557514,15324,0278,00000,0,05001,0606,03030,1,0,00004,0000,00000,0,0[1;24r[24;1H
[1;25r[24;1H[24;72H
0002557564,15324,0278,00000,0,05007,0604,03025,1,0,00003,0000,00000,0,0[1;24r[24;1H
[1;25r[24;1H[24;72H
0002557614,15347,0240,00000,0,05003,0596,02983,1,0,00000,0000,00000,0,0[1;24r[24;1H
[1;25r[24;1H[24;72H
0002557664,15347,0240,00000,0,05006,0605,03027,1,0,00000,0000,00000,0,0[1;24r[24;1H
[1;25r[24;1H[24;72H
0002557714,15347,0240,00000,0,04996,0591,02954,1,0,00006,0000,00000,0,0[1;24r[24;1H
[1;25r[24;1H[24;72H
0002557764,15347,0240,00000,0,05004,0629,03150,1,0,00000,0000,00000,0,0[1;24r[24;1H
[1;25r[24;1H[24;72H
0002557814,15347,0240,00000,0,04996,0632,03158,1,0,00002,0000,00000,0,0[1;24r[24;1H
[1;25r[24;1H[24;72H
0002557864,15347,0240,00000,0,05003,0613,03067,1,0,00001,0000,00000,0,0[1;24r[24;1H
[1;25r[24;1H[24;72H
0002557914,15347,0240,00000,0,05000,0609,03046,1,0,00000,0000,00000,0,0[1;24r[24;1H
[1;25r[24;1H[24;72H
0002557964,15349,0260,00000,0,05003,0605,03028,1,0,00000,0000,00000,0,0[1;24r[24;1H
[1;25r[24;1H[24;72H
0002558014,15349,0260,00000,0,05004,0630,03154,1,0,00002,0000,00000,0,0[1;24r[24;1H
[1;25r[24;1H[24;72H
0002558064,15349,0260,00000,0,05001,0597,02986,1,0,00000,0000,00000,0,0[1;24r[24;1H
[1;25r[24;1H[24;72H
0002558114,15349,0260,00000,0,04999,0603,03015,1,0,00000,0002,00000,0,0[1;24r[24;1H
[1;25r[24;1H[24;72H
0002558164,15349,0260,00000,0,05010,0622,03117,1,0,00004,0000,00000,0,0[1;24r[24;1H
[1;25r[24;1H[24;72H
0002558214,15349,0260,00000,0,05000,0599,02996,1,0,00001,0001,00000,0,0[1;24r[24;1H
[1;25r[24;1H[24;72H
0002558264,15325,0249,00000,0,05005,0600,03005,1,0,00001,0000,00000,0,0[1;24r[24;1H
[1;25r[24;1H[24;72H
0002558314,15325,0249,00000,0,05006,0627,03138,1,0,00001,0000,00000,0,0[1;24r[24;1H
[1;25r[24;1H[24;72H
0002558364,15325,0249,00000,0,04995,0613,03060,1,0,00000,0000,00000,0,0[1;24r[24;1H
[1;25r[24;1H[24;72H
0002558414,15325,0249,00000,0,05000,0597,02986,1,0,00001,0000,00000,0,0[1;24r[24;1H
[1;25r[24;1H[24;72H
0002558464,15325,0249,00000,0,05006,0638,03196,1,0,00000,0001,00000,0,0[1;24r[24;1H
[1;25r[24;1H[24;72H
0002558514,15325,0249,00000,0,05001,0596,02982,1,0,00001,0000,00000,0,0[1;24r[24;1H
[1;25r[24;1H[24;72H
0002558564,15340,0241,00000,0,04994,0629,03140,1,0,00000,0000,00000,0,0[1;24r[24;1H
[1;25r[24;1H[24;72H
0002558614,15340,0241,00000,0,05003,0610,03050,1,0,00000,0000,00000,0,0[1;24r[24;1H
[1;25r[24;1H[24;72H
0002558664,15340,0241,00000,0,05002,0595,02975,1,0,00000,0002,00000,0,0[1;24r[24;1H
[1;25r[24;1H[24;72H
0002558714,15340,0241,00000,0,05009,0612,03067,1,0,00002,0000,00000,0,0[1;24r[24;1H
[1;25r[24;1H[24;72H
0002558764,15340,0241,00000,0,04997,0613,03066,1,0,00000,0000,00000,0,0[1;24r[24;1H
[1;25r[24;1H[24;72H
0002558814,15340,0241,00000,0,05002,0614,03074,1,0,00000,0003,00000,0,0[1;24r[24;1H
[1;25r[24;1H[24;72H
0002558864,15318,0303,00000,0,05000,0629,03148,1,0,00003,0000,00000,0,0[1;24r[24;1H
[1;25r[24;1H[24;72H
0002558914,15318,0303,00000,0,05001,0644,03221,1,0,00000,0000,00000,0,0[1;24r[24;1H
[1;25r[24;1H[24;72H
0002558964,15318,0303,00000,0,05005,0592,02965,1,0,00000,0000,00000,0,0[1;24r[24;1H
[1;25r[24;1H[24;72H
0002559014,15318,0303,00000,0,04999,0602,03010,1,0,00003,0000,00000,0,0[1;24r[24;1H
[1;25r[24;1H[24;72H
0002559064,15318,0303,00000,0,04997,0622,03111,1,0,00000,0000,00000,0,0[1;24r[24;1H
[1;25r[24;1H[24;72H
0002559114,15318,0303,00000,0,04994,0612,03059,1,0,00000,0007,00000,0,0[1;24r[24;1H
[1;25r[24;1H[24;72H
0002559164,15325,0252,00000,0,04997,0630,03150,1,0,00000,0005,00000,0,0[1;24r[24;1H
[1;25r[24;1H[24;72H
0002559214,15325,0252,00000,0,04995,0607,03032,1,0,00003,0000,00000,0,0[1;24r[24;1H
[1;25r[24;1H[24;72H
0002559264,15325,0252,00000,0,04997,0614,03069,1,0,00000,0004,00000,0,0[1;24r[24;1H
[1;25r[24;1H[24;72H
0002559314,15325,0252,00000,0,05002,0615,03077,1,0,00000,0000,00000,0,0[1;24r[24;1H
[1;25r[24;1H[24;72H
0002559364,15325,0252,00000,0,05001,0596,02983,1,0,00000,0000,00000,0,0[1;24r[24;1H
[1;25r[24;1H[24;72H
0002559414,15325,0252,00000,0,04999,0641,03202,1,0,00000,0000,00000,0,0[1;24r[24;1H
[1;25r[24;1H[24;72H
0002559464,15335,0257,00000,0,04993,0606,03027,1,0,00000,0002,00000,0,0[1;24r[24;1H
[1;25r[24;1H[24;72H
0002559514,15335,0257,00000,0,04999,0641,03202,1,0,00001,0000,00000,0,0[1;24r[24;1H
[1;25r[24;1H[24;72H
0002559564,15335,0257,00000,0,04998,0606,03029,1,0,00000,0002,00000,0,0[1;24r[24;1H
[1;25r[24;1H[24;72H
0002559614,15335,0257,00000,0,04998,0622,03109,1,0,00002,0003,00000,0,0[1;24r[24;1H
[1;25r[24;1H[24;72H
0002559664,15335,0257,00000,0,05004,0608,03046,1,0,00000,0000,00000,0,0[1;24r[24;1H
[1;25r[24;1H[24;72H
0002559714,15335,0257,00000,0,04998,0624,03119,1,0,00001,0000,00000,0,0[1;24r[24;1H
[1;25r[24;1H[24;72H
0002559764,15344,0266,00000,0,05008,0616,03087,1,0,00001,0000,00000,0,0[1;24r[24;1H
[1;25r[24;1H[24;72H
0002559814,15344,0266,00000,0,05009,0645,03233,1,0,00001,0000,00000,0,0[1;24r[24;1H
[1;25r[24;1H[24;72H
0002559864,15344,0266,00000,0,04999,0604,03021,1,0,00004,0002,00000,0,0[1;24r[24;1H
[1;25r[24;1H[24;72H
0002559914,15344,0266,00000,0,05000,0592,02962,1,0,00000,0003,00000,0,0[1;24r[24;1H
[1;25r[24;1H[24;72H
0002559964,15344,0266,00000,0,04998,0611,03055,1,0,00000,0003,00000,0,0[1;24r[24;1H
[1;25r[24;1H[24;72H
0002560014,15344,0266,00000,0,05003,0617,03087,1,0,00000,0000,00000,0,0[1;24r[24;1H
[1;25r[24;1H[24;72H
0002560064,15333,0264,00000,0,04999,0617,03085,1,0,00002,0004,00000,0,0[1;24r[24;1H
[1;25r[24;1H[24;72H
0002560114,15333,0264,00000,0,04998,0602,03011,1,0,00002,0004,00000,0,0[1;24r[24;1H
[1;25r[24;1H[24;72H
0002560164,15333,0264,00000,0,05003,0604,03024,1,0,00003,0003,00000,0,0[1;24r[24;1H
[1;25r[24;1H[24;72H
0002560214,15333,0264,00000,0,05012,0631,03162,1,0,00003,0000,00000,0,0[1;24r[24;1H
[1;25r[24;1H[24;72H
0002560264,15333,0264,00000,0,04994,0606,03027,1,0,00000,0005,00000,0,0[1;24r[24;1H
[1;25r[24;1H[24;72H
0002560314,15333,0264,00000,0,04996,0607,03035,1,0,00000,0000,00000,0,0[1;24r[24;1H
[1;25r[24;1H[24;72H
0002560364,15341,0271,00000,0,04997,0610,03052,1,0,00000,0001,00000,0,0[1;24r[24;1H
[1;25r[24;1H[24;72H
0002560414,15341,0271,00000,0,04997,0609,03042,1,0,00000,0000,00000,0,0[1;24r[24;1H
[1;25r[24;1H[24;72H
0002560464,15341,0271,00000,0,04991,0617,03079,1,0,00000,0004,00000,0,0[1;24r[24;1H
[1;25r[24;1H[24;72H
0002560514,15341,0271,00000,0,04998,0604,03018,1,0,00000,0000,00000,0,0[1;24r[24;1H
[1;25r[24;1H[24;72H
0002560564,15341,0271,00000,0,04994,0605,03022,1,0,00001,0000,00000,0,0[1;24r[24;1H
[1;25r[24;1H[24;72H
0002560614,15341,0271,00000,0,04993,0615,03072,1,0,00000,0004,00000,0,0[1;24r[24;1H
[1;25r[24;1H[24;72H
0002560664,15320,0264,00000,0,04998,0609,03047,1,0,00000,0004,00000,0,0[1;24r[24;1H
[1;25r[24;1H[24;72H
0002560714,15320,0264,00000,0,04998,0619,03093,1,0,00000,0004,00000,0,0[1;24r[24;1H
[1;25r[24;1H[24;72H
0002560764,15320,0264,00000,0,05004,0637,03190,1,0,00000,0000,00000,0,0[1;24r[24;1H
[1;25r[24;1H[24;72H
0002560814,15320,0264,00000,0,05002,0616,03082,1,0,00003,0000,00000,0,0[1;24r[24;1H
[1;25r[24;1H[24;72H
0002560864,15320,0264,00000,0,05004,0608,03042,1,0,00004,0000,00000,0,0[1;24r[24;1H
[1;25r[24;1H[24;72H
0002560914,15320,0264,00000,0,04999,0640,03199,1,0,00000,0000,00000,0,0[1;24r[24;1H
[1;25r[24;1H[24;72H
0002560964,15334,0269,00000,0,04997,0599,02993,1,0,00000,0005,00000,0,0[1;24r[24;1H
[1;25r[24;1H[24;72H
0002561015,15334,0269,00000,0,04997,0616,03078,1,0,00000,0003,00000,0,0[1;24r[24;1H
[1;25r[24;1H[24;72H
0002561065,15334,0269,00000,0,04991,0611,03049,1,0,00000,0003,00000,0,0[1;24r[24;1H
[1;25r[24;1H[24;72H
0002561115,15334,0269,00000,0,05002,0603,03016,1,0,00001,0000,00000,0,0[1;24r[24;1H
[1;25r[24;1H[24;72H
0002561165,15334,0269,00000,0,05008,0641,03214,1,0,00000,0004,00000,0,0[1;24r[24;1H
[1;25r[24;1H[24;72H
0002561215,15334,0269,00000,0,05000,0631,03156,1,0,00000,0001,00000,0,0[1;24r[24;1H
[1;25r[24;1H[24;72H
0002561265,15335,0262,00000,0,05005,0625,03127,1,0,00005,0000,00000,0,0[1;24r[24;1H
[1;25r[24;1H[24;72H
0002561315,15335,0262,00000,0,04993,0625,03120,1,0,00000,0000,00000,0,0[1;24r[24;1H
[1;25r[24;1H[24;72H
0002561365,15335,0262,00000,0,05001,0638,03190,1,0,00000,0000,00000,0,0[1;24r[24;1H
[1;25r[24;1H[24;72H
0002561415,15335,0262,00000,0,04992,0632,03155,1,0,00000,0000,00000,0,0[1;24r[24;1H
[1;25r[24;1H[24;72H
0002561465,15335,0262,00000,0,05001,0587,02936,1,0,00000,0004,00000,0,0[1;24r[24;1H
[1;25r[24;1H[24;72H
0002561515,15335,0262,00000,0,05003,0632,03164,1,0,00000,0000,00000,0,0[1;24r[24;1H
[1;25r[24;1H[24;72H
0002561565,15354,0288,00000,0,04997,0610,03049,1,0,00000,0002,00000,0,0[1;24r[24;1H
[1;25r[24;1H[24;72H
0002561615,15354,0288,00000,0,05005,0624,03125,1,0,00004,0001,00000,0,0[1;24r[24;1H
[1;25r[24;1H[24;72H
0002561665,15354,0288,00000,0,05007,0622,03115,1,0,00005,0002,00000,0,0[1;24r[24;1H
[1;25r[24;1H[24;72H
0002561715,15354,0288,00000,0,05001,0609,03045,1,0,00000,0003,00000,0,0[1;24r[24;1H
[1;25r[24;1H[24;72H
0002561765,15354,0288,00000,0,04992,0601,03002,1,0,00000,0003,00000,0,0[1;24r[24;1H
[1;25r[24;1H[24;72H
0002561815,15354,0288,00000,0,04997,0622,03111,1,0,00000,0001,00000,0,0[1;24r[24;1H
[1;25r[24;1H[24;72H
0002561865,15339,0260,00000,0,05000,0590,02950,1,0,00002,0000,00000,0,0[1;24r[24;1H
[1;25r[24;1H[24;72H
0002561915,15339,0260,00000,0,05002,0593,02968,1,0,00000,0002,00000,0,0[1;24r[24;1H
[1;25r[24;1H[24;72H
0002561965,15339,0260,00000,0,04996,0603,03015,1,0,00001,0000,00000,0,0[1;24r[24;1H
[1;25r[24;1H[24;72H
0002562015,15339,0260,00000,0,05000,0600,03000,1,0,00004,0003,00000,0,0[1;24r[24;1H
[1;25r[24;1H[24;72H
0002562065,15339,0260,00000,0,05005,0604,03026,1,0,00004,0001,00000,0,0[1;24r[24;1H
[1;25r[24;1H[24;72H
0002562115,15339,0260,00000,0,04996,0665,03324,1,0,00000,0000,00000,0,0[1;24r[24;1H
[1;25r[24;1H[24;72H
0002562165,15328,0270,00000,0,04998,0627,03136,1,0,00000,0000,00000,0,0[1;24r[24;1H
[1;25r[24;1H[24;72H
0002562215,15328,0270,00000,0,05001,0592,02963,1,0,00000,0000,00000,0,0[1;24r[24;1H
[1;25r[24;1H[24;72H
0002562265,15328,0270,00000,0,05000,0608,03041,1,0,00002,0000,00000,0,0[1;24r[24;1H
[1;25r[24;1H[24;72H
0002562315,15328,0270,00000,0,05010,0598,02997,1,0,00004,0000,00000,0,0[1;24r[24;1H
[1;25r[24;1H[24;72H
0002562365,15328,0270,00000,0,04997,0542,02711,1,0,00000,0002,00000,0,0[1;24r[24;1H
[1;25r[24;1H[24;72H
0002562415,15328,0270,00000,0,04995,0559,02794,1,0,00000,0000,00000,0,0[1;24r[24;1H
[1;25r[24;1H[24;72H
0002562465,15351,0248,00000,0,04998,0569,02845,1,0,00000,0002,00000,0,0[1;24r[24;1H
[1;25r[24;1H[24;72H
0002562515,15351,0248,00000,0,05002,0534,02672,1,0,00000,0000,00000,0,0[1;24r[24;1H
[1;25r[24;1H[24;72H
0002562565,15351,0248,00000,0,04996,0544,02718,1,0,00000,0005,00000,0,0[1;24r[24;1H
[1;25r[24;1H[24;72H
0002562615,15351,0248,00000,0,05000,0567,02838,1,0,00000,0000,00000,0,0[1;24r[24;1H
[1;25r[24;1H[24;72H
0002562665,15351,0248,00000,0,05006,0550,02753,1,0,00000,0000,00000,0,0[1;24r[24;1H
[1;25r[24;1H[24;72H
0002562715,15351,0248,00000,0,05001,0574,02870,1,0,00000,0002,00000,0,0[1;24r[24;1H
[1;25r[24;1H[24;72H
0002562765,15347,0220,00000,0,05004,0545,02728,1,0,00001,0000,00000,0,0[1;24r[24;1H
[1;25r[24;1H[24;72H
0002562815,15347,0220,00000,0,04997,0541,02705,1,0,00002,0003,00000,0,0[1;24r[24;1H
[1;25r[24;1H[24;72H
0002562865,15347,0220,00000,0,05004,0523,02618,1,0,00000,0000,00000,0,0[1;24r[24;1H
[1;25r[24;1H[24;72H
0002562915,15347,0220,00000,0,04995,0546,02728,1,0,00000,0004,00000,0,0[1;24r[24;1H
[1;25r[24;1H[24;72H
0002562965,15347,0220,00000,0,04995,0553,02765,1,0,00000,0002,00000,0,0[1;24r[24;1H
[1;25r[24;1H[24;72H
0002563015,15347,0220,00000,0,04988,0529,02641,1,0,00000,0001,00000,0,0[1;24r[24;1H
[1;25r[24;1H[24;72H
0002563065,15334,0249,00000,0,05008,0544,02726,1,0,00002,0001,00000,0,0[1;24r[24;1H
[1;25r[24;1H[24;72H
0002563115,15334,0249,00000,0,04998,0541,02705,1,0,00000,0005,00000,0,0[1;24r[24;1H
[1;25r[24;1H[24;72H
0002563165,15334,0249,00000,0,05000,0538,02691,1,0,00000,0000,00000,0,0[1;24r[24;1H
[1;25r[24;1H[24;72H
0002563215,15334,0249,00000,0,05004,0546,02732,1,0,00000,0001,00000,0,0[1;24r[24;1H
[1;25r[24;1H[24;72H
0002563265,15334,0249,00000,0,05000,0525,02625,1,0,00001,0000,00000,0,0[1;24r[24;1H
[1;25r[24;1H[24;72H
0002563315,15334,0249,00000,0,05008,0540,02708,1,0,00000,0002,00000,0,0[1;24r[24;1H
[1;25r[24;1H[24;72H
0002563365,15334,0249,00000,0,05000,0551,02755,1,0,00002,0000,00000,0,0[1;24r[24;1H
[1;25r[24;1H[24;72H
0002563415,15328,0248,00000,0,04994,0551,02751,1,0,00000,0000,00000,0,0[1;24r[24;1H
[1;25r[24;1H[24;72H
0002563465,15328,0248,00000,0,05002,0552,02764,1,0,00001,0000,00000,0,0[1;24r[24;1H
[1;25r[24;1H[24;72H
0002563515,15328,0248,00000,0,04999,0541,02705,1,0,00000,0000,00000,0,0[1;24r[24;1H
[1;25r[24;1H[24;72H
0002563565,15328,0248,00000,0,05003,0543,02719,1,0,00003,0000,00000,0,0[1;24r[24;1H
[1;25r[24;1H[24;72H
0002563615,15328,0248,00000,0,05011,0539,02699,1,0,00001,0000,00000,0,0[1;24r[24;1H
[1;25r[24;1H[24;72H
0002563665,15328,0248,00000,0,04992,0550,02747,1,0,00003,0000,00000,0,0[1;24r[24;1H
[1;25r[24;1H[24;72H
0002563715,15325,0252,00000,0,05006,0555,02777,1,0,00000,0000,00000,0,0[1;24r[24;1H
[1;25r[24;1H[24;72H
0002563765,15325,0252,00000,0,04998,0527,02633,1,0,00000,0000,00000,0,0[1;24r[24;1H
[1;25r[24;1H[24;72H
0002563815,15325,0252,00000,0,05000,0532,02664,1,0,00006,0000,00000,0,0[1;24r[24;1H
[1;25r[24;1H[24;72H
0002563865,15325,0252,00000,0,05000,0572,02861,1,0,00000,0004,00000,0,0[1;24r[24;1H
[1;25r[24;1H[24;72H
0002563915,15325,0252,00000,0,05002,0573,02865,1,0,00001,0004,00000,0,0[1;24r[24;1H
[1;25r[24;1H[24;72H
0002563965,15325,0252,00000,0,04997,0544,02718,1,0,00000,0005,00000,0,0[1;24r[24;1H
[1;25r[24;1H[24;72H
0002564015,15349,0232,00000,0,04995,0535,02675,1,0,00000,0000,00000,0,0[1;24r[24;1H
[1;25r[24;1H[24;72H
0002564065,15349,0232,00000,0,05009,0540,02706,1,0,00000,0004,00000,0,0[1;24r[24;1H
[1;25r[24;1H[24;72H
0002564115,15349,0232,00000,0,04998,0561,02805,1,0,00001,0000,00000,0,0[1;24r[24;1H
[1;25r[24;1H[24;72H
0002564165,15349,0232,00000,0,05001,0545,02729,1,0,00000,0000,00000,0,0[1;24r[24;1H
[1;25r[24;1H[24;72H
0002564215,15349,0232,00000,0,04992,0540,02696,1,0,00000,0002,00000,0,0[1;24r[24;1H
[1;25r[24;1H[24;72H
0002564265,15349,0232,00000,0,04996,0550,02751,1,0,00000,0002,00000,0,0[1;24r[24;1H
[1;25r[24;1H[24;72H
0002564315,15347,0286,00000,0,04995,0545,02723,1,0,00000,0006,00000,0,0[1;24r[24;1H
[1;25r[24;1H[24;72H
0002564365,15347,0286,00000,0,05008,0546,02736,1,0,00000,0000,00000,0,0[1;24r[24;1H
[1;25r[24;1H[24;72H
[8;35H[?25l+----------------------+[9;35H|    Leave Minicom?    |[10;35H|               No     |[11;35H+----------------------+[10;56H[?25l[10;38H[0m(B[7m   Yes  [?12l[?25h[8;1H[0m(B0002563615,15328,0248,00000,0,05011,0539,02699,1,0,00001,0[9;1H0002563665,15328,0248,00000,0,04992,0550,02747,1,0,00003,0[10;1H0002563715,15325,0252,00000,0,05006,0555,02777,1,0,00000,0[11;1H0002563765,15325,0252,00000,0,04998,0527,02633,1,0,00000,0[24;1H[?12l[?25h[?12l[?25h[H[2J[?12l[?25h[?1l>[!p[?3;4l[4l>
